{
    "links": [
        {
            "from_node_name": "Color Mapper",
            "from_socket_identifier": "Output",
            "to_node_name": "ToBlender",
            "to_socket_identifier": "Input"
        },
        {
            "from_node_name": "ColorRamp",
            "from_socket_identifier": "ColorRamp",
            "to_node_name": "Color Mapper",
            "to_socket_identifier": "ColorRamp"
        },
        {
            "from_node_name": "vtkNetCDFCFReader",
            "from_socket_identifier": "Output",
            "to_node_name": "Color Mapper",
            "to_socket_identifier": "Input"
        }
    ],
    "nodes": [
        {
            "additional_properties": {
                "elements": [
                    [
                        [
                            0.13609854876995087,
                            0.0,
                            0.00969632901251316,
                            1.0
                        ],
                        0.04545454680919647
                    ],
                    [
                        [
                            0.45345646142959595,
                            0.005521744955331087,
                            0.019917838275432587,
                            1.0
                        ],
                        0.13636364042758942
                    ],
                    [
                        [
                            0.6800203323364258,
                            0.11657577753067017,
                            0.07176145166158676,
                            1.0
                        ],
                        0.22727273404598236
                    ],
                    [
                        [
                            0.9075471758842468,
                            0.38377463817596436,
                            0.2271365225315094,
                            1.0
                        ],
                        0.3181818127632141
                    ],
                    [
                        [
                            0.9828262329101562,
                            0.7154654264450073,
                            0.5795466303825378,
                            1.0
                        ],
                        0.40909090638160706
                    ],
                    [
                        [
                            0.9322768449783325,
                            0.9322768449783325,
                            0.9322768449783325,
                            1.0
                        ],
                        0.5
                    ],
                    [
                        [
                            0.6455552577972412,
                            0.7893137335777283,
                            0.8751375675201416,
                            1.0
                        ],
                        0.5909090638160706
                    ],
                    [
                        [
                            0.29321613907814026,
                            0.5668097138404846,
                            0.7372047901153564,
                            1.0
                        ],
                        0.6818181872367859
                    ],
                    [
                        [
                            0.05284162610769272,
                            0.29765263199806213,
                            0.5542271137237549,
                            1.0
                        ],
                        0.7727272510528564
                    ],
                    [
                        [
                            0.011126082390546799,
                            0.1332085132598877,
                            0.42050793766975403,
                            1.0
                        ],
                        0.8636363744735718
                    ],
                    [
                        [
                            0.00017512397607788444,
                            0.025371277704834938,
                            0.11926401406526566,
                            1.0
                        ],
                        0.9545454382896423
                    ]
                ]
            },
            "bl_idname": "BVTK_NT_ColorRamp",
            "color": [
                0.5,
                0.5,
                0.5
            ],
            "height": 100.0,
            "hide": false,
            "label": "",
            "location": [
                20.0,
                -117.5
            ],
            "mute": false,
            "name": "ColorRamp",
            "show_options": true,
            "show_preview": false,
            "width": 277.9033203125
        },
        {
            "bl_idname": "BVTK_NT_NetCDFCFReader",
            "color": [
                0.5,
                0.5,
                0.5
            ],
            "e_OutputType": "Automatic",
            "height": 100.0,
            "hide": false,
            "label": "",
            "location": [
                20.0,
                0.0
            ],
            "m_FileName": "$/earth.nc",
            "m_ReplaceFillValueWithNan": true,
            "m_SphericalCoordinates": false,
            "m_VerticalBias": 0.0,
            "m_VerticalScale": 1.0,
            "mute": false,
            "name": "vtkNetCDFCFReader",
            "show_options": true,
            "show_preview": false,
            "width": 276.490234375
        },
        {
            "auto_range": true,
            "bl_idname": "BVTK_NT_ColorMapper",
            "cl_div": 10,
            "cl_enable": false,
            "cl_height": 5.5,
            "cl_width": 0.20000000298023224,
            "color": [
                0.5,
                0.5,
                0.5
            ],
            "color_by": "",
            "height": 30.0,
            "hide": false,
            "label": "",
            "location": [
                317.9033203125,
                0.0
            ],
            "mute": false,
            "name": "Color Mapper",
            "range_max": 311.9093017578125,
            "range_min": 222.3917236328125,
            "reset_materials": true,
            "show_options": true,
            "show_preview": false,
            "texture_type": "IMAGE",
            "width": 253.26971435546875
        },
        {
            "bl_idname": "BVTK_NT_ToBlender",
            "color": [
                0.5,
                0.5,
                0.5
            ],
            "create_box": true,
            "create_plane": true,
            "height": 100.0,
            "hide": false,
            "label": "",
            "location": [
                591.1730346679688,
                0.0
            ],
            "mesh_name": "earth",
            "mute": false,
            "name": "ToBlender",
            "output_type": "IMAGE",
            "probe_resolution": [
                250,
                250,
                250
            ],
            "shift_x": 50.0,
            "shift_y": 0.0,
            "show_options": true,
            "show_preview": false,
            "smooth": false,
            "use_probing": true,
            "width": 200.0,
            "z_level": 1
        }
    ]
}