{
    "links": [
        {
            "from_node_name": "vtkDEMReader",
            "from_socket_identifier": "Output",
            "to_node_name": "vtkImageDataGeometryFilter",
            "to_socket_identifier": "Input"
        },
        {
            "from_node_name": "vtkImageDataGeometryFilter",
            "from_socket_identifier": "Output",
            "to_node_name": "vtkWarpScalar",
            "to_socket_identifier": "Input"
        },
        {
            "from_node_name": "Color Mapper",
            "from_socket_identifier": "Output",
            "to_node_name": "ToBlender",
            "to_socket_identifier": "Input"
        },
        {
            "from_node_name": "vtkWarpScalar",
            "from_socket_identifier": "Output",
            "to_node_name": "Color Mapper",
            "to_socket_identifier": "Input"
        },
        {
            "from_node_name": "ColorRamp",
            "from_socket_identifier": "ColorRamp",
            "to_node_name": "Color Mapper",
            "to_socket_identifier": "ColorRamp"
        }
    ],
    "nodes": [
        {
            "bl_idname": "BVTK_NT_ToBlender",
            "color": [
                0.5,
                0.5,
                0.5
            ],
            "create_box": true,
            "create_plane": true,
            "height": 100.0,
            "hide": false,
            "label": "",
            "location": [
                923.2014770507812,
                0.0
            ],
            "mesh_name": "Sainte Helens",
            "mute": false,
            "name": "ToBlender",
            "output_type": "MESH",
            "probe_resolution": [
                250,
                250,
                250
            ],
            "shift_x": 0.0,
            "shift_y": 0.0,
            "show_options": true,
            "show_preview": false,
            "smooth": true,
            "use_probing": true,
            "width": 200.0,
            "z_level": 1
        },
        {
            "auto_range": true,
            "bl_idname": "BVTK_NT_ColorMapper",
            "cl_div": 10,
            "cl_enable": false,
            "cl_height": 5.5,
            "cl_width": 0.20000000298023224,
            "color": [
                0.5,
                0.5,
                0.5
            ],
            "color_by": "P0",
            "height": 100.0,
            "hide": false,
            "label": "",
            "location": [
                703.2014770507812,
                0.0
            ],
            "mute": false,
            "name": "Color Mapper",
            "range_max": 2543.0,
            "range_min": 682.0,
            "reset_materials": true,
            "show_options": true,
            "show_preview": false,
            "texture_type": "IMAGE",
            "width": 200.0
        },
        {
            "bl_idname": "BVTK_NT_ImageDataGeometryFilter",
            "color": [
                0.5,
                0.5,
                0.5
            ],
            "height": 100.0,
            "hide": false,
            "label": "",
            "location": [
                240.0,
                0.0
            ],
            "m_OutputTriangles": true,
            "m_ThresholdCells": true,
            "m_ThresholdValue": true,
            "mute": false,
            "name": "vtkImageDataGeometryFilter",
            "show_options": true,
            "show_preview": false,
            "width": 200.0
        },
        {
            "bl_idname": "BVTK_NT_WarpScalar",
            "color": [
                0.5,
                0.5,
                0.5
            ],
            "height": 100.0,
            "hide": false,
            "label": "",
            "location": [
                460.0,
                0.0
            ],
            "m_Normal": [
                0.0,
                0.0,
                1.0
            ],
            "m_ScaleFactor": 2.0,
            "m_UseNormal": true,
            "m_XYPlane": true,
            "mute": false,
            "name": "vtkWarpScalar",
            "show_options": true,
            "show_preview": false,
            "width": 223.20147705078125
        },
        {
            "additional_properties": {
                "elements": [
                    [
                        [
                            0.02899118699133396,
                            0.003697239561006427,
                            0.005521744955331087,
                            1.0
                        ],
                        0.015625
                    ],
                    [
                        [
                            0.04298701137304306,
                            0.005028203595429659,
                            0.007751027587801218,
                            1.0
                        ],
                        0.046875
                    ],
                    [
                        [
                            0.06003160774707794,
                            0.006584957242012024,
                            0.00969632901251316,
                            1.0
                        ],
                        0.078125
                    ],
                    [
                        [
                            0.08241420239210129,
                            0.00902149174362421,
                            0.011881334707140923,
                            1.0
                        ],
                        0.109375
                    ],
                    [
                        [
                            0.10615606606006622,
                            0.010397802107036114,
                            0.013473397120833397,
                            1.0
                        ],
                        0.140625
                    ],
                    [
                        [
                            0.1332085132598877,
                            0.012663720175623894,
                            0.014310519210994244,
                            1.0
                        ],
                        0.171875
                    ],
                    [
                        [
                            0.16364067792892456,
                            0.015175238251686096,
                            0.014310519210994244,
                            1.0
                        ],
                        0.203125
                    ],
                    [
                        [
                            0.20109573006629944,
                            0.018912984058260918,
                            0.013473397120833397,
                            1.0
                        ],
                        0.234375
                    ],
                    [
                        [
                            0.234895259141922,
                            0.023103555664420128,
                            0.011881334707140923,
                            1.0
                        ],
                        0.265625
                    ],
                    [
                        [
                            0.2715774178504944,
                            0.02899118699133396,
                            0.00969632901251316,
                            1.0
                        ],
                        0.296875
                    ],
                    [
                        [
                            0.302125483751297,
                            0.037028513848781586,
                            0.008373118005692959,
                            1.0
                        ],
                        0.328125
                    ],
                    [
                        [
                            0.3344578146934509,
                            0.0477757528424263,
                            0.006584957242012024,
                            1.0
                        ],
                        0.359375
                    ],
                    [
                        [
                            0.373615026473999,
                            0.06190747395157814,
                            0.005521744955331087,
                            1.0
                        ],
                        0.390625
                    ],
                    [
                        [
                            0.39929330348968506,
                            0.07592611759901047,
                            0.0045597548596560955,
                            1.0
                        ],
                        0.421875
                    ],
                    [
                        [
                            0.43134021759033203,
                            0.09387587010860443,
                            0.0041161770932376385,
                            1.0
                        ],
                        0.453125
                    ],
                    [
                        [
                            0.45907989144325256,
                            0.11392093449831009,
                            0.003697239561006427,
                            1.0
                        ],
                        0.484375
                    ],
                    [
                        [
                            0.48776519298553467,
                            0.14198029041290283,
                            0.003302703145891428,
                            1.0
                        ],
                        0.515625
                    ],
                    [
                        [
                            0.517401397228241,
                            0.1668722778558731,
                            0.003302703145891428,
                            1.0
                        ],
                        0.546875
                    ],
                    [
                        [
                            0.5417983531951904,
                            0.19751642644405365,
                            0.003697239561006427,
                            1.0
                        ],
                        0.578125
                    ],
                    [
                        [
                            0.5668097138404846,
                            0.2271365225315094,
                            0.0041161770932376385,
                            1.0
                        ],
                        0.609375
                    ],
                    [
                        [
                            0.5924380421638489,
                            0.26735806465148926,
                            0.005521744955331087,
                            1.0
                        ],
                        0.640625
                    ],
                    [
                        [
                            0.6186857223510742,
                            0.3111805021762848,
                            0.007155037019401789,
                            1.0
                        ],
                        0.671875
                    ],
                    [
                        [
                            0.6387794613838196,
                            0.3537409007549286,
                            0.00902149174362421,
                            1.0
                        ],
                        0.703125
                    ],
                    [
                        [
                            0.6592239737510681,
                            0.39929330348968506,
                            0.011881334707140923,
                            1.0
                        ],
                        0.734375
                    ],
                    [
                        [
                            0.6800203323364258,
                            0.45345646142959595,
                            0.015175238251686096,
                            1.0
                        ],
                        0.765625
                    ],
                    [
                        [
                            0.6940805315971375,
                            0.517401397228241,
                            0.019917838275432587,
                            1.0
                        ],
                        0.796875
                    ],
                    [
                        [
                            0.7082977890968323,
                            0.5795466303825378,
                            0.025371277704834938,
                            1.0
                        ],
                        0.828125
                    ],
                    [
                        [
                            0.7226724624633789,
                            0.6455552577972412,
                            0.03155139088630676,
                            1.0
                        ],
                        0.859375
                    ],
                    [
                        [
                            0.7372047901153564,
                            0.7154654264450073,
                            0.038472745567560196,
                            1.0
                        ],
                        0.890625
                    ],
                    [
                        [
                            0.744530200958252,
                            0.8045591115951538,
                            0.0477757528424263,
                            1.0
                        ],
                        0.921875
                    ],
                    [
                        [
                            0.7518950700759888,
                            0.8912620544433594,
                            0.05637409910559654,
                            1.0
                        ],
                        0.953125
                    ],
                    [
                        [
                            0.7592995762825012,
                            0.9828262329101562,
                            0.06772459298372269,
                            1.0
                        ],
                        0.984375
                    ]
                ]
            },
            "bl_idname": "BVTK_NT_ColorRamp",
            "color": [
                0.5,
                0.5,
                0.5
            ],
            "height": 100.0,
            "hide": false,
            "label": "",
            "location": [
                460.0,
                -120.0
            ],
            "mute": false,
            "name": "ColorRamp",
            "show_options": true,
            "show_preview": false,
            "width": 200.0
        },
        {
            "bl_idname": "BVTK_NT_DEMReader",
            "color": [
                0.5,
                0.5,
                0.5
            ],
            "e_ElevationReference": "ElevationBounds",
            "height": 100.0,
            "hide": false,
            "label": "",
            "location": [
                20.0,
                0.0
            ],
            "m_FileName": "$/sainte-helens.dem",
            "mute": false,
            "name": "vtkDEMReader",
            "show_options": true,
            "show_preview": false,
            "width": 200.0
        }
    ]
}